{
  "nodes": {
    "shouldGenerateReply": {
      "variant_0": {
        "inputs": {},
        "inputsValue": {}
      }
    },
    "selectChunks": {
      "variant_0": {
        "inputs": {},
        "inputsValue": {}
      }
    },
    "extractSearchIntent": {
      "variant_0": {
        "inputs": {},
        "inputsValue": {}
      }
    },
    "formatGenerateReplyInputs": {
      "variant_0": {
        "inputs": {},
        "inputsValue": {}
      }
    },
    "rewriteIntent": {
      "variant_0": {
        "inputs": {},
        "inputsValue": {}
      }
    },
    "contentsafety": {
      "variant_0": {
        "inputs": {},
        "inputsValue": {}
      }
    },
    "chunkDocuments": {
      "variant_0": {
        "inputs": {},
        "inputsValue": {}
      }
    },
    "generateReply": {
      "variant_0": {
        "inputs": {},
        "inputsValue": {}
      }
    },
    "formatRewriteIntentInputs": {
      "variant_0": {
        "inputs": {},
        "inputsValue": {}
      }
    },
    "querySearchResource": {
      "variant_0": {
        "inputs": {},
        "inputsValue": {}
      }
    }
  }
}